ID,Position,Label,Peptide_WS_33
tr|W5H1Q1|,64,1,IPEQQDRLKKLKSEHGKVQLGNITVDMVLGGMR
tr|W5H1Q1|,340,1,ETGSNITTDQLKEYVWKTLKSGKVVPGYGHGVL
tr|W5H1Q1|,399,1,VSKLYEVVPPILTELGKVKNPWPNVDAHSGVLL
tr|W5H1Q1|,456,1,SQLIWDRALGLPLERPKSVTMEWLENHCKKVAA
tr|A0A077RW30|,96,1,TQLIGKTPMVYLNKIVKGCVANVAAKLEIMEPC
sp|P00413|,175,1,GQSRLLEVDNRVVVPAKTHLRMIVTPADVLHSW
sp|Q03033|,161,1,VKQMICCCNKMDATTPKYSKARYEEIVKEVSSY
sp|Q03033|,318,1,NVAVKDLKRGFVASNSKDDPAKEAANFTSQVII
tr|W5G4A2|,47,1,MVVRAGAYDDELVKTAKTIASPGRGILAMDESN
tr|W5G4A2|,68,1,PGRGILAMDESNATCGKRLDSIGLENTEANRQA
tr|W5G4A2|,334,1,WHVSFSYARALQNTCLKTWGGRPENVKAAQEAL
tr|W5ETU1|,282,1,ECKDRATPEEVASYTLKLLQRRIPPSVPGIMFL
tr|W5ETU1|,337,1,WHVSFSYARALQNTCLKTWGGRPENVAAAQEAL
tr|W5BS00|,26,1,NFRQAARLLGLDSKLEKSLLIPFREIKVECTIP
tr|W5BS00|,382,1,LHKYMNSAFQNIKAMCKSQDCNLRMGAFTLGVN
tr|W5GYX5|,196,1,VHAMTATQKTVDGPSSKDWRGGRAASFNIIPSS
tr|W5GYX5|,217,1,GRAASFNIIPSSTGAAKAVGKVLPELNGKLTGM
tr|W5G4K3|,376,1,LYDDNFRNQPVQPEGGKLRFVIDLLETELLHLF
tr|Q332N6|,148,1,PTHRNTTSLRYTVYAGKVRSWTNLETLGNLLYT
sp|P12782|,145,1,KVILTSHLGRPKGVTPKFSLAPLVPRLSELLGI
sp|P12782|,196,1,DLANGAVLLLENVRFYKEEEKNDPEFAKKLASL
sp|P12782|,200,1,GAVLLLENVRFYKEEEKNDPEFAKKLASLADLF
sp|P12782|,208,1,VRFYKEEEKNDPEFAKKLASLADLFVNDAFGTA
sp|Q36814|,318,1,QEIRAAEDPEFETFYTKNILLNEGIRAWMAAQD
tr|W5H3N4|,169,1,YFEYQAFAIGSRSQAAKTYLERRFEKFNAYTPD
tr|Q5I7L3|,151,1,TLVSHQESLEAKVNETKATVKFQLKKVLCMGVA
tr|W5EAP3|,151,1,TLVSHQESLEAKVNETKATIKFQLKKVLCMGVA
tr|Q5I7K5|,32,1,HDDGIPITSEKIATVVKAAGIKVEAYWPALFAK
tr|W5BKP3|,57,1,GGRIRCMQVWPIEGIKKFETLSYLPPLSTEALL
tr|W5BKP3|,83,1,LSTEALLKQVDYLIRSKWVPCLEFSKVGFVFRE
tr|W5BKP3|,137,1,GCTDATQVLNEVEEVKKEYPDAYVRVIGFDNLR
sp|P46285|,283,1,ATFDNPDYDKLVNYYVKEKYTLRYTGGMVPDVN
sp|P46285|,318,1,IVKEKGIFTNVTSPTAKAKLRLLFEVAPLGFLI
sp|P46285|,367,1,KVISVLDERTQVAYGSKNEIIRFEETLYGSSRL
tr|A0A0C4BJE5|,155,1,PLSGSPANFHVYTALLKPHDRIMALDLPHGGHL
tr|A0A0C4BJE5|,180,1,DLPHGGHLSHGYQTDTKKISAVSIFFETMPYRL
tr|A0A0C4BJE5|,210,1,YRLDESTGLIDYDQLEKSAVLFRPKLIVAGASA
tr|A0A0C4BJE5|,385,1,DIVSGGTDNHLVLVNLKKKGIDGSRVEKVLENV
tr|A0A0C4BJE5|,396,1,VLVNLKKKGIDGSRVEKVLENVHIAANKNTVPG
tr|A0A0C4BJE5|,407,1,GSRVEKVLENVHIAANKNTVPGDVSAMVPGGIR
tr|A0A0C4BJE5|,464,1,SAVNLALKVKAAAAGTKLKDFVATLQSDSNIQA
tr|A0A0C4BJE5|,466,1,VNLALKVKAAAAGTKLKDFVATLQSDSNIQAEI
sp|P84188|,50,1,QHTIKLLDAYRVFFDWKDYLKKVFRNVNTLLKD
sp|Q8LRM8|,84,1,VDIVDTFRLQEQPAFDKKQFISHMKRYIKNLSA
sp|Q8LRM8|,92,1,LQEQPAFDKKQFISHMKRYIKNLSAKLEGDDLD
sp|Q8LRM8|,119,1,EGDDLDVFKKNVESATKYLLSKLKDLQFFVGES
tr|W5FQ55|,301,1,ECNGLPEVANYWKQVIKINDYQKSRFVNRVVSS
tr|W5E3I4|,308,1,TLILNKLRGGFKVCAIKAPGFGENRKSNLQDLA
tr|W5A152|,149,1,GTISANGEREIGELIAKAMEKVGKEGVITIADG
tr|W5A152|,227,1,KVSNMHAVVKVLEMALKKQKPLLIVAEDLESEA
tr|W5A152|,262,1,TLIINKLRAGIKVCAVKAPGFGENRKANLQDLA
tr|W5A152|,349,1,QIRSAIEQSTSDYDKEKLQERLAKLSGGVAVLK
tr|W5A152|,413,1,VPGGGVALLYASKALDKLQTANFDQKIGVQIIQ
tr|W4ZY98|,308,1,LLKDKQALQRLTEAAEKAKMELSSLTQTNISLP
tr|W5EQK1|,292,1,DFSTLYAPLIRDGRMEKFYWAPTRDDRIGVCKG
tr|W5EQK1|,361,1,DEVRKWVTSTGIENIGKKLVNSRDGPVTFEQPK
tr|W5EQK1|,398,1,KLLEYGHMLVQEQDNVKRVQLADTYMSQAALGD
tr|W5C4B7|,291,1,PPGRRMGHAGAIVSGGKGTAQDKIKALRDAGVT
tr|W5GWI9|,102,1,GKLNPQMAFIRGKLKIKGSISAAQKFTPDIFPK
tr|A0A096UKR2|,248,1,RELIVGKDDEILKTETKTIARADVAEVCIQALL
tr|W5EI90|,263,1,GYPAFALVNKVTGEAIKHSQGEGHPVKLVPYNA
tr|W5BEP1|,13,1,XXXXMSGVKKVTDVAAKAGKAIDWDGLAKMLVS
tr|W5BEP1|,53,1,ANLRRTFEDVNHQLQTKFSQEPKPIDWEYYKKG
tr|W5BEP1|,59,1,FEDVNHQLQTKFSQEPKPIDWEYYKKGIGSKVV
tr|W5BEP1|,99,1,DSIEIPKYVDTVTPEYKPKFDALLIEMKEAEKT
tr|W5BEP1|,148,1,EMKKKISTMTADEYFAKHPELKKKFDDEIRNDY
tr|W5BMW7|,15,1,XXMAATFNVNAEAGLKKLDGYLLSRSYISGYQA
tr|W5E9W6|,149,1,VANPTDLVKVRLQSEGKLAPGVPRRYTGAMDAY
tr|W5G5P5|,277,1,PGLNTKITSFLDPDGWKVVLVDHADFLKELHXX
tr|W5I877|,101,1,GPKGRNVVLESKYGSPKIVNDGVTVAREVELED
tr|W5I877|,329,1,TLVVNKLRGSLKICAIKAPGFGERKTQYLDDIA
tr|W5I877|,402,1,GDGSTQEEVTKRVAQIKNLIEAAEQDYEKEKLN
tr|A0A0C4BK59|,153,1,VKPSSPAELEGLLDSAKYTKHCEEEDAHXXXXX
tr|W5G7P2|,172,1,VKVVVRTVVPLPEKEEKELKETLRDILGKDKTI
tr|W5AWT3|,173,1,GDLKYPLVSDVTKSISKSFGVLIPDQGIALRGL
tr|W5B5M5|,167,1,AAPAETHVAPSEEAPQKESPPVKAEEKSPKAEE
tr|W5FAY5|,328,1,ADRMSKEITALAPSSMKIKVVAPPERKYSVWIG
tr|W5FAY5|,330,1,RMSKEITALAPSSMKIKVVAPPERKYSVWIGGS
tr|W5EK41|,363,1,EKSYELGPGKVIAGIIKRINKGASIENIGAXXX
tr|W5CN13|,56,1,SKARYTVRSFGIRRNEKIACYVTIRGEKAMQLL
tr|W5IA32|,230,1,CNLLYHDRLQINPELEKEIGAKFEEDLDAMLPK
tr|W5IA32|,348,1,ISGTTIDAQLRYAAGVKDMLDRYFKGEDFPAEN
tr|A0A096USW1|,267,1,DLATAFIKVLDNPKASKQVYNISGSKYVTFDGL
tr|W5AUD8|,18,1,MGRKALDYEELNENVKKVQYAVRGELYLRASEL
tr|W5AUD8|,91,1,DPNVGLIFPADAIARAKHYLSLAPGGLGAYSDS
tr|W5AUD8|,358,1,PPKPGDISYLKYSAESKSILESLRRRAQIMTDG
tr|W5AUD8|,411,1,QIRLPQRAMDVAKSAGKAPDVYYCLKLLEATGI
tr|W5AUD8|,464,1,ILPAEEDMPAIMSSFKKFNDSFMEQYQDHSRLX
tr|W5E6V3|,323,1,ILSHDRERGRVSLSTKKLEPTPGDMIRNPKLVF
tr|W5EKJ6|W5EKJ6_WHEAT,152,1,NANEVIANRAAEILGHKRGDKFVHPNDHVNRSQ
tr|W5ES41|,89,1,NDINRILGPKASCISFKDSACRCFGYMVSKKKY
tr|W5EPT9|,46,1,GKVLSEEERAAENVYIKKMEQEKREKLARKGPS
tr|A0A096URP1|,115,1,YGYDPFGLGKKPEDFAKYQAFELIHARWAMLGA
tr|W5ADS2|,48,1,DKEGIPPDQQRLIFAGKQLEDGRTLADYNIQKE
tr|W5GYF2|,95,1,NFAIDFLMGGVSAAVSKTAAAPIERVKLLIQNQ
tr|W5GYF2|,105,1,VSAAVSKTAAAPIERVKLLIQNQDEMIKAGRLS
tr|W5GYF2|,116,1,PIERVKLLIQNQDEMIKAGRLSEPYKGIGDCFG
tr|W5GYF2|,125,1,QNQDEMIKAGRLSEPYKGIGDCFGRTIKDEGFG
tr|W5GYF2|,240,1,GERQFNGLVDVYRKTLKSDGIAGLYRGFNISCV
tr|W5GYF2|,322,1,IDTVRRRMMMTSGEAVKYKSSLDAFQQILAKEG
tr|W5GYF2|,324,1,TVRRRMMMTSGEAVKYKSSLDAFQQILAKEGAK
tr|W5GYF2|,336,1,AVKYKSSLDAFQQILAKEGAKSLFKGAGANILR
tr|W5GYF2|,344,1,DAFQQILAKEGAKSLFKGAGANILRAIAGAGVL
tr|W5DPM6|,130,1,DYLRKIIVQGRSSKSTKVGDIMTEENKLITVKP
tr|W5DPM6|,145,1,TKVGDIMTEENKLITVKPETRVLKAMQLMTEKR
tr|W5DPM6|,152,1,TEENKLITVKPETRVLKAMQLMTEKRIRHIPVI
tr|W5DPM6|,160,1,VKPETRVLKAMQLMTEKRIRHIPVISGTEMMGM
tr|W5DPM6|,191,1,GMVSIGDVVRAVVSEHKEELNRLNAYIQGGYXX
tr|W5EQ81|,152,1,TEENKLITVKPETRVLKAMQLMTDKRIRHIPVI
tr|W5BCV8|,464,1,ILPAEEDMPAIMSSFKKFNDSFMEQYQNHSRLX
tr|W5GBX1|,120,1,QVLVRVAAAALNPVDSKRRMGKFKATDSPLPTV
tr|W5E8X2|,29,1,VMGRTGSRGQVTQVRVKFLDDQNRLIMRNVKGP
tr|W5DNF1|,232,1,LEGTAPVLPETKRLYYKLLKVGIKPVFITGRTE
tr|W5I877|,530,0,VNGSVVTEKVLSNDNFKFGYNAATGQYEDLMAA
tr|W5I877|,553,0,TGQYEDLMAAGIIDPTKVVRCCLEHAASVAKTF
tr|W5I877|,567,0,PTKVVRCCLEHAASVAKTFLTSDVVVVEIKEPE
tr|W5I877|,580,0,SVAKTFLTSDVVVVEIKEPEAAPLANPMDNSGF
tr|A0A0C4BK59|,15,0,XXMALRLWASSAANALKISSSGARAAAPAYSIS
tr|A0A0C4BK59|,42,0,PAYSISRYFSTVIDGLKYTSSHEWVKNDGSVAT
tr|A0A0C4BK59|,51,0,STVIDGLKYTSSHEWVKNDGSVATIGISDHAQG
tr|A0A0C4BK59|,83,0,GHLGEVVFVELPEAGTKVSQGGAFGNVESVKAT
tr|A0A0C4BK59|,97,0,GTKVSQGGAFGNVESVKATSDVNSPISGEVVDV
tr|A0A0C4BK59|,116,0,SDVNSPISGEVVDVNSKLSETPGLINSSPYEDG
tr|A0A0C4BK59|,136,0,TPGLINSSPYEDGWMIKVKPSSPAELEGLLDSA
tr|A0A0C4BK59|,138,0,GLINSSPYEDGWMIKVKPSSPAELEGLLDSAKY
tr|A0A0C4BK59|,156,0,SSPAELEGLLDSAKYTKHCEEEDAHXXXXXXXX
tr|W5G7P2|,38,0,SAAVAQASRGLATQTDKPKENKIKVPKALYGGT
tr|W5G7P2|,40,0,AVAQASRGLATQTDKPKENKIKVPKALYGGTGN
tr|W5G7P2|,43,0,QASRGLATQTDKPKENKIKVPKALYGGTGNYAS
tr|W5G7P2|,45,0,SRGLATQTDKPKENKIKVPKALYGGTGNYASAL
tr|W5G7P2|,48,0,LATQTDKPKENKIKVPKALYGGTGNYASALFLA
tr|W5G7P2|,73,0,YASALFLAAANANSLEKVESEILDVVGASKKSP
tr|W5G7P2|,86,0,SLEKVESEILDVVGASKKSPMFSQFMKDTSVPK
tr|W5G7P2|,87,0,LEKVESEILDVVGASKKSPMFSQFMKDTSVPKE
tr|W5G7P2|,96,0,DVVGASKKSPMFSQFMKDTSVPKETRVKAITEI
tr|W5G7P2|,102,0,KKSPMFSQFMKDTSVPKETRVKAITEIFSEAGF
tr|W5G7P2|,107,0,FSQFMKDTSVPKETRVKAITEIFSEAGFTDITK
tr|W5G7P2|,123,0,KAITEIFSEAGFTDITKKFLSALASNGRLKYVE
tr|W5G7P2|,124,0,AITEIFSEAGFTDITKKFLSALASNGRLKYVER
tr|W5G7P2|,136,0,DITKKFLSALASNGRLKYVERIAERFVDLTMAH
tr|W5G7P2|,157,0,IAERFVDLTMAHRGEVKVVVRTVVPLPEKEEKE
tr|W5G7P2|,169,0,RGEVKVVVRTVVPLPEKEEKELKETLRDILGKD
tr|W5G7P2|,175,0,VVRTVVPLPEKEEKELKETLRDILGKDKTILVE
tr|W5G7P2|,184,0,EKEEKELKETLRDILGKDKTILVEQKIDQGIMG
tr|W5G7P2|,186,0,EEKELKETLRDILGKDKTILVEQKIDQGIMGGL
tr|W5G7P2|,193,0,TLRDILGKDKTILVEQKIDQGIMGGLVIEFGQK
tr|W5G7P2|,209,0,KIDQGIMGGLVIEFGQKVFDMSIRTRAKQMEAF
tr|W5G7P2|,220,0,IEFGQKVFDMSIRTRAKQMEAFLRQPFDIXXXX
tr|W5AWT3|,21,0,FSASTVSTAAALVASPKPAGAPQCLSFPRAAAR
tr|W5AWT3|,70,0,FVARAAAEYDLPLVGNKAPDFAAEAVFDQEFIN
tr|W5AWT3|,88,0,PDFAAEAVFDQEFINVKLSDYIGKKYVILFFYP
tr|W5AWT3|,95,0,VFDQEFINVKLSDYIGKKYVILFFYPLDFTFVC
tr|W5AWT3|,96,0,FDQEFINVKLSDYIGKKYVILFFYPLDFTFVCP
tr|W5AWT3|,127,0,CPTEITAFSDRHEEFEKINTEILGVSVDSVFSH
tr|W5AWT3|,152,0,SVDSVFSHLAWVQTERKSGGLGDLKYPLVSDVT
tr|W5AWT3|,160,0,LAWVQTERKSGGLGDLKYPLVSDVTKSISKSFG
tr|W5AWT3|,169,0,SGGLGDLKYPLVSDVTKSISKSFGVLIPDQGIA
tr|W5AWT3|,194,0,LIPDQGIALRGLFIIDKEGVIQHSTINNLGIGR
tr|W5AWT3|,238,0,LQYVQENPDEVCPAGWKPGEKSMKPDPKGSKEY
tr|W5AWT3|,242,0,QENPDEVCPAGWKPGEKSMKPDPKGSKEYFAAI
tr|W5AWT3|,245,0,PDEVCPAGWKPGEKSMKPDPKGSKEYFAAIXXX
tr|W5AWT3|,249,0,CPAGWKPGEKSMKPDPKGSKEYFAAIXXXXXXX
tr|W5AWT3|,252,0,GWKPGEKSMKPDPKGSKEYFAAIXXXXXXXXXX
tr|W5B5M5|,45,0,YSSQLSGLIPVGPQSSKLTRRNNYFPNASPYQL
tr|W5B5M5|,73,0,SPYQLWSRSFASDNGDKFEAVVPFMGESVTDGT
tr|W5B5M5|,95,0,PFMGESVTDGTLANFLKKPGDRVEADEAIAQIE
tr|W5B5M5|,96,0,FMGESVTDGTLANFLKKPGDRVEADEAIAQIET
tr|W5B5M5|,114,0,GDRVEADEAIAQIETDKVTIDVSSPEAGVIEKF
tr|W5B5M5|,129,0,DKVTIDVSSPEAGVIEKFIASEGDTVTPGTIVA
tr|W5B5M5|,149,0,SEGDTVTPGTIVAIVSKSAAPAETHVAPSEEAP
tr|W5B5M5|,173,0,HVAPSEEAPQKESPPVKAEEKSPKAEEKPTKVE
tr|W5B5M5|,177,0,SEEAPQKESPPVKAEEKSPKAEEKPTKVEPPKK
tr|W5B5M5|,180,0,APQKESPPVKAEEKSPKAEEKPTKVEPPKKQAP
tr|W5B5M5|,184,0,ESPPVKAEEKSPKAEEKPTKVEPPKKQAPKPTP
tr|W5B5M5|,187,0,PVKAEEKSPKAEEKPTKVEPPKKQAPKPTPSKT
tr|W5B5M5|,192,0,EKSPKAEEKPTKVEPPKKQAPKPTPSKTSPTEP
tr|W5B5M5|,193,0,KSPKAEEKPTKVEPPKKQAPKPTPSKTSPTEPQ
tr|W5B5M5|,197,0,AEEKPTKVEPPKKQAPKPTPSKTSPTEPQLPPK
tr|W5B5M5|,202,0,TKVEPPKKQAPKPTPSKTSPTEPQLPPKERERR
tr|W5B5M5|,213,0,KPTPSKTSPTEPQLPPKERERRVAMPRLRKRIA
tr|W5B5M5|,226,0,LPPKERERRVAMPRLRKRIANRLKDSQNTFAML
tr|W5B5M5|,233,0,RRVAMPRLRKRIANRLKDSQNTFAMLTTFNEVD
tr|W5B5M5|,255,0,FAMLTTFNEVDMTNLMKLRSDYKDEFVKKHGVK
tr|W5B5M5|,261,0,FNEVDMTNLMKLRSDYKDEFVKKHGVKLGLMSC
tr|W5B5M5|,266,0,MTNLMKLRSDYKDEFVKKHGVKLGLMSCFVKAA
tr|W5B5M5|,267,0,TNLMKLRSDYKDEFVKKHGVKLGLMSCFVKAAV
tr|W5B5M5|,271,0,KLRSDYKDEFVKKHGVKLGLMSCFVKAAVSGLQ
tr|W5B5M5|,280,0,FVKKHGVKLGLMSCFVKAAVSGLQNQPIVNAVI
tr|W5B5M5|,317,0,IIYRDYVDVSVAVGTSKGLVVPVIRDADTMNFA
tr|W5B5M5|,337,0,VPVIRDADTMNFADIEKGINNLAKKATEGALSI
tr|W5B5M5|,344,0,DTMNFADIEKGINNLAKKATEGALSIDEMAGGT
tr|W5B5M5|,345,0,TMNFADIEKGINNLAKKATEGALSIDEMAGGTF
tr|W5B5M5|,432,0,HRLIDGREAVYFLRRIKDVVEDPRRLLLDIXXX
tr|W5FAY5|,20,0,GEDIQPLVCDNGTGMVKAGFAGDDAPRAVFPSI
tr|W5FAY5|,52,0,IVGRPRHTGVMVGMGQKDAYVGDEAQSKRGILT
tr|W5FAY5|,63,0,VGMGQKDAYVGDEAQSKRGILTLKYPIEHGIVS
tr|W5FAY5|,70,0,AYVGDEAQSKRGILTLKYPIEHGIVSNWDDMEK
tr|W5FAY5|,86,0,KYPIEHGIVSNWDDMEKIWHHTFYNELRVAPEE
tr|W5FAY5|,115,0,APEEHPVLLTEAPLNPKANREKMTQIMFETFNV
tr|W5FAY5|,120,0,PVLLTEAPLNPKANREKMTQIMFETFNVPAMYV
tr|W5FAY5|,193,0,ILRLDLAGRDLTDCLMKILTERGYSFTTTAERE
tr|W5FAY5|,215,0,GYSFTTTAEREIVRDIKEKLAYVALDYEQELEN
tr|W5FAY5|,217,0,SFTTTAEREIVRDIKEKLAYVALDYEQELENAK
tr|W5FAY5|,233,0,KLAYVALDYEQELENAKSSSSVEKSYELPDGQV
tr|W5FAY5|,240,0,DYEQELENAKSSSSVEKSYELPDGQVITIGAER
tr|W5FAY5|,286,0,GMEAAGIHETTYNSIMKCDVDIRKDLYGNIVLS
tr|W5FAY5|,293,0,HETTYNSIMKCDVDIRKDLYGNIVLSGGSTMFP
tr|W5FAY5|,317,0,LSGGSTMFPGIADRMSKEITALAPSSMKIKVVA
tr|W5FAY5|,338,0,LAPSSMKIKVVAPPERKYSVWIGGSILASLSTF
tr|W5FAY5|,361,0,GSILASLSTFQQMWISKGEYDESGPAIVHRKCF
tr|W5FAY5|,375,0,ISKGEYDESGPAIVHRKCFXXXXXXXXXXXXXX
tr|W5EK41|,70,0,VGSAVAAGADTLFADYKPTTAFLFPGQGAQAVG
tr|W5EK41|,89,0,TAFLFPGQGAQAVGMGKEALNVRAAAELFDKAN
tr|W5EK41|,103,0,MGKEALNVRAAAELFDKANDILGYDLLNLCIDG
tr|W5EK41|,121,0,NDILGYDLLNLCIDGPKEKLNSTVISQPAIYVT
tr|W5EK41|,123,0,ILGYDLLNLCIDGPKEKLNSTVISQPAIYVTSL
tr|W5EK41|,185,0,YTALAFAGAFSFEDGLKLVKLRGEAMQDASDAA
tr|W5EK41|,188,0,LAFAGAFSFEDGLKLVKLRGEAMQDASDAANSA
tr|W5EK41|,215,0,DAANSAMVSVIGLDSEKVQQLCDAANEDVDEKE
tr|W5EK41|,230,0,EKVQQLCDAANEDVDEKERVQIANFLCPGNYAV
tr|W5EK41|,251,0,IANFLCPGNYAVSGGVKGIEAVEAKAKSFKARM
tr|W5EK41|,259,0,NYAVSGGVKGIEAVEAKAKSFKARMTVRLAVAG
tr|W5EK41|,261,0,AVSGGVKGIEAVEAKAKSFKARMTVRLAVAGAF
tr|W5EK41|,264,0,GGVKGIEAVEAKAKSFKARMTVRLAVAGAFHTS
tr|W5EK41|,321,0,VISNVDAQPHSDPDTIKKILAQQVTSPVQWETT
tr|W5EK41|,322,0,ISNVDAQPHSDPDTIKKILAQQVTSPVQWETTV
tr|W5EK41|,348,0,VQWETTVTTLLGRGLEKSYELGPGKVIAGIIKR
tr|W5EK41|,356,0,TLLGRGLEKSYELGPGKVIAGIIKRINKGASIE
tr|W5EK41|,367,0,ELGPGKVIAGIIKRINKGASIENIGAXXXXXXX
tr|W5CN13|,5,0,XXXXXXXXXXXXMRDIKVQKLVLNISVGESGDR
tr|W5CN13|,8,0,XXXXXXXXXMRDIKVQKLVLNISVGESGDRLTR
tr|W5CN13|,27,0,LNISVGESGDRLTRASKVLEQLSGQSPVFSKAR
tr|W5CN13|,41,0,ASKVLEQLSGQSPVFSKARYTVRSFGIRRNEKI
tr|W5CN13|,67,0,IRRNEKIACYVTIRGEKAMQLLESGLKVKEYEL
tr|W5CN13|,77,0,VTIRGEKAMQLLESGLKVKEYELLRRNFSDTGC
tr|W5CN13|,79,0,IRGEKAMQLLESGLKVKEYELLRRNFSDTGCFG
tr|W5CN13|,107,0,TGCFGFGIQEHIDLGMKYDPSTGIYGMDFFVVL
tr|W5CN13|,137,0,VVLERAGYRVSRRRRCKARVGIHQRVTKEDAMK
tr|W5CN13|,148,0,RRRRCKARVGIHQRVTKEDAMKWFQVKYEGVIL
tr|W5CN13|,153,0,KARVGIHQRVTKEDAMKWFQVKYEGVILNKSHA
tr|W5CN13|,158,0,IHQRVTKEDAMKWFQVKYEGVILNKSHASXXXX
tr|W5CN13|,166,0,DAMKWFQVKYEGVILNKSHASXXXXXXXXXXXX
tr|W5IA32|,29,0,VDRAVGSRAAHTSAGSKKIVGVFYQAGEYADKN
tr|W5IA32|,30,0,DRAVGSRAAHTSAGSKKIVGVFYQAGEYADKNP
tr|W5IA32|,44,0,SKKIVGVFYQAGEYADKNPNFVGCVEGALGIRD
tr|W5IA32|,65,0,VGCVEGALGIRDWLESKGHHYIVTDDKEGLNSE
tr|W5IA32|,75,0,RDWLESKGHHYIVTDDKEGLNSELEKHIEDMHV
tr|W5IA32|,84,0,HYIVTDDKEGLNSELEKHIEDMHVLITTPFHPA
tr|W5IA32|,108,0,LITTPFHPAYVTAERIKKAKNLELLLTAGIGSD
tr|W5IA32|,109,0,ITTPFHPAYVTAERIKKAKNLELLLTAGIGSDH
tr|W5IA32|,111,0,TPFHPAYVTAERIKKAKNLELLLTAGIGSDHID
tr|W5IA32|,173,0,ILILLRNFLPGYQQVVKGEWNVAGIAHRAYDLE
tr|W5IA32|,191,0,EWNVAGIAHRAYDLEGKTVGTVGAGRIGRLLLQ
tr|W5IA32|,210,0,GTVGAGRIGRLLLQRLKPFNCNLLYHDRLQINP
tr|W5IA32|,235,0,HDRLQINPELEKEIGAKFEEDLDAMLPKCDVIV
tr|W5IA32|,246,0,KEIGAKFEEDLDAMLPKCDVIVINTPLTEKTRG
tr|W5IA32|,259,0,MLPKCDVIVINTPLTEKTRGMFNKEKIAKMKKG
tr|W5IA32|,266,0,IVINTPLTEKTRGMFNKEKIAKMKKGVIIVNNA
tr|W5IA32|,268,0,INTPLTEKTRGMFNKEKIAKMKKGVIIVNNARG
tr|W5IA32|,271,0,PLTEKTRGMFNKEKIAKMKKGVIIVNNARGAIM
tr|W5IA32|,273,0,TEKTRGMFNKEKIAKMKKGVIIVNNARGAIMDT
tr|W5IA32|,274,0,EKTRGMFNKEKIAKMKKGVIIVNNARGAIMDTQ
tr|W5IA32|,316,0,HIAGYGGDVWFPQPAPKDHPWRYMPNHAMTPHI
tr|W5IA32|,356,0,QLRYAAGVKDMLDRYFKGEDFPAENYIVKEGEL
tr|W5IA32|,368,0,DRYFKGEDFPAENYIVKEGELASQYKXXXXXXX
tr|W5IA32|,377,0,PAENYIVKEGELASQYKXXXXXXXXXXXXXXXX
tr|A0A096USW1|,9,0,XXXXXXXXMAAASVSLKSSLFLSSPLSDFGGAA
tr|A0A096USW1|,53,0,WQPRGARMQVAAAADSKNILIMGGTRFIGLFLS
tr|A0A096USW1|,71,0,ILIMGGTRFIGLFLSRKLVQEGHQVTLFTRGKA
tr|A0A096USW1|,86,0,RKLVQEGHQVTLFTRGKAPITQQLPGESDAEYA
tr|A0A096USW1|,107,0,QQLPGESDAEYAEFSSKVLHLKGDRKDFDFVKT
tr|A0A096USW1|,112,0,ESDAEYAEFSSKVLHLKGDRKDFDFVKTSLAAK
tr|A0A096USW1|,116,0,EYAEFSSKVLHLKGDRKDFDFVKTSLAAKGFNV
tr|A0A096USW1|,122,0,SKVLHLKGDRKDFDFVKTSLAAKGFNVVYDING
tr|A0A096USW1|,128,0,KGDRKDFDFVKTSLAAKGFNVVYDINGREATEV
tr|A0A096USW1|,168,0,PNLEQFIYCSSAGVYLKSDLLPHFETDAVDPKS
tr|A0A096USW1|,183,0,LKSDLLPHFETDAVDPKSRHKGKLETESLLETS
tr|A0A096USW1|,187,0,LLPHFETDAVDPKSRHKGKLETESLLETSGVNW
tr|A0A096USW1|,189,0,PHFETDAVDPKSRHKGKLETESLLETSGVNWTS
tr|A0A096USW1|,229,0,GPLNYNPVEEWFFHRLKAGRPIPIPNAGNQITQ
tr|A0A096USW1|,250,0,IPIPNAGNQITQLGHVKDLATAFIKVLDNPKAS
tr|A0A096USW1|,258,0,QITQLGHVKDLATAFIKVLDNPKASKQVYNISG
tr|A0A096USW1|,264,0,HVKDLATAFIKVLDNPKASKQVYNISGSKYVTF
tr|A0A096USW1|,276,0,LDNPKASKQVYNISGSKYVTFDGLARACAKAGG
tr|A0A096USW1|,289,0,SGSKYVTFDGLARACAKAGGFPEPEIIHYNPKD
tr|A0A096USW1|,304,0,AKAGGFPEPEIIHYNPKDFDFGKKKAFPFRDQH
tr|A0A096USW1|,310,0,PEPEIIHYNPKDFDFGKKKAFPFRDQHFFASVE
tr|A0A096USW1|,311,0,EPEIIHYNPKDFDFGKKKAFPFRDQHFFASVEK
tr|A0A096USW1|,312,0,PEIIHYNPKDFDFGKKKAFPFRDQHFFASVEKA
tr|A0A096USW1|,327,0,KKAFPFRDQHFFASVEKASKDLGVTPEYDLLDG
tr|A0A096USW1|,330,0,FPFRDQHFFASVEKASKDLGVTPEYDLLDGLTD
tr|A0A096USW1|,359,0,GLTDSYNLDFGRGTFRKEADFTTDDMILGKKLV
tr|A0A096USW1|,372,0,TFRKEADFTTDDMILGKKLVSVXXXXXXXXXXX
tr|A0A096USW1|,373,0,FRKEADFTTDDMILGKKLVSVXXXXXXXXXXXX
tr|W5AUD8|,5,0,XXXXXXXXXXXXMMGRKALDYEELNENVKKVQY
tr|W5AUD8|,17,0,MMGRKALDYEELNENVKKVQYAVRGELYLRASE
tr|W5AUD8|,36,0,QYAVRGELYLRASELQKEGKRIIFTNVGNPHAL
tr|W5AUD8|,39,0,VRGELYLRASELQKEGKRIIFTNVGNPHALGQK
tr|W5AUD8|,55,0,KRIIFTNVGNPHALGQKPLTFPRQVVALCQAPF
tr|W5AUD8|,142,0,GYPSDPELIYLTDGASKGVMQMLNAIIRNERDG
tr|W5AUD8|,208,0,GLDLVSTRQSVAEARSKGITVRAMVIINPGNPT
tr|W5AUD8|,269,0,YQQNVYQDERPFISARKVMFDMGPPVSREVQLI
tr|W5AUD8|,292,0,PPVSREVQLISFHTVSKGYWGECGQRGGYFEMT
tr|W5AUD8|,313,0,ECGQRGGYFEMTNIPPKTVDEIYKVASIALSPN
tr|W5AUD8|,320,0,YFEMTNIPPKTVDEIYKVASIALSPNVPGQIFM
tr|W5AUD8|,344,0,PNVPGQIFMGLMVNPPKPGDISYLKYSAESKSI
tr|W5AUD8|,352,0,MGLMVNPPKPGDISYLKYSAESKSILESLRRRA
tr|W5AUD8|,407,0,YSFPQIRLPQRAMDVAKSAGKAPDVYYCLKLLE
tr|W5AUD8|,420,0,DVAKSAGKAPDVYYCLKLLEATGISTVPGSGFG
tr|W5AUD8|,438,0,LEATGISTVPGSGFGQKEGVFHLRTTILPAEED
tr|W5AUD8|,463,0,TILPAEEDMPAIMSSFKKFNDSFMEQYQDHSRL
tr|W5E6V3|,41,0,APMRPSALVCGTYVLSKDEKERERMRTLFDEAS
tr|W5E6V3|,44,0,RPSALVCGTYVLSKDEKERERMRTLFDEASERC
tr|W5E6V3|,93,0,SAVETTDIDTDIGSLIKGTVFMTTSNGAFIDIQ
tr|W5E6V3|,111,0,TVFMTTSNGAFIDIQSKATAFLPIDEACLLDID
tr|W5E6V3|,183,0,WERCRQLQAEDVVITGKVIGGNKGGVVALVEGL
tr|W5E6V3|,189,0,LQAEDVVITGKVIGGNKGGVVALVEGLKAFVPF
tr|W5E6V3|,200,0,VIGGNKGGVVALVEGLKAFVPFSQVSSKTTAEE
tr|W5E6V3|,211,0,LVEGLKAFVPFSQVSSKTTAEELLDKELPLKFV
tr|W5E6V3|,220,0,PFSQVSSKTTAEELLDKELPLKFVEVDEEQGRL
tr|W5E6V3|,225,0,SSKTTAEELLDKELPLKFVEVDEEQGRLVLSNR
tr|W5E6V3|,242,0,FVEVDEEQGRLVLSNRKAMADSQAQLGIGSVVL
tr|W5E6V3|,265,0,AQLGIGSVVLGTVESLKPYGAFIDIGGINGLLH
tr|W5E6V3|,304,0,DRVADISTVLQPGDTLKVMILSHDRERGRVSLS
tr|W5E6V3|,322,0,MILSHDRERGRVSLSTKKLEPTPGDMIRNPKLV
tr|W5E6V3|,336,0,STKKLEPTPGDMIRNPKLVFEKADEMAQIFRQR
tr|W5E6V3|,341,0,EPTPGDMIRNPKLVFEKADEMAQIFRQRIAQAE
tr|W5ES41|,285,0,PYLWHSKASNPFVNLKKEYKGIFWQEDIIPFFQ
tr|W5ES41|,288,0,WHSKASNPFVNLKKEYKGIFWQEDIIPFFQNAT
tr|W5ES41|,307,0,FWQEDIIPFFQNATLSKECDTVQKCYISLSEQV
tr|W5ES41|,314,0,PFFQNATLSKECDTVQKCYISLSEQVKEKLGKI
tr|W5ES41|,324,0,ECDTVQKCYISLSEQVKEKLGKIDPYFVKLADA
tr|W5ES41|,326,0,DTVQKCYISLSEQVKEKLGKIDPYFVKLADAMV
tr|W5ES41|,329,0,QKCYISLSEQVKEKLGKIDPYFVKLADAMVTWI
tr|W5ES41|,336,0,SEQVKEKLGKIDPYFVKLADAMVTWIEAWDELN
tr|A0A096URP1|,42,0,APTAGAQKIVSLFDRFKKKPAPKPKPAPVATSS
tr|A0A096URP1|,43,0,PTAGAQKIVSLFDRFKKKPAPKPKPAPVATSSV
tr|A0A096URP1|,44,0,TAGAQKIVSLFDRFKKKPAPKPKPAPVATSSVG
tr|A0A096URP1|,48,0,QKIVSLFDRFKKKPAPKPKPAPVATSSVGIDDE
